{
  "cv_results": {
    "Linear Regression": {
      "RMSE": 0.2789169978229756,
      "R2": 0.7095617576249056
    },
    "Random Forest": {
      "RMSE": 0.2907037299763781,
      "R2": 0.6845068675410829
    },
    "Gradient Boosting": {
      "RMSE": 0.2809722584889359,
      "R2": 0.7053033325919631
    }
  },
  "best_params": {
    "model__learning_rate": 0.05,
    "model__max_depth": 2,
    "model__n_estimators": 250
  },
  "metrics_before": {
    "MAE": 28.380563533427566,
    "RMSE": 38.65657987940132,
    "R2": 0.6299037493374331
  },
  "metrics_after": {
    "MAE": 28.360827936017223,
    "RMSE": 38.54016567064671,
    "R2": 0.6321294810464801
  },
  "n_rows": 8456
}